{
  "threshold": 0.08721891262437916,
  "precision": 0.1511627906976744,
  "recall": 0.7027027027027027,
  "f1": 0.24880382775119617,
  "balanced_accuracy": 0.7513513513513514,
  "tp": 26,
  "fp": 146,
  "fn": 11,
  "tn": 584,
  "support": 767
}