{
  "threshold": 0.08721891262437916,
  "precision": 0.17117117117117117,
  "recall": 0.76,
  "f1": 0.27941176470588236,
  "balanced_accuracy": 0.7853497942386831,
  "tp": 38,
  "fp": 184,
  "fn": 12,
  "tn": 788,
  "support": 1022
}