{
  "model_info": {
    "name": "logistic_l2_calibrated_v3_1",
    "version": "3.0.0",
    "filename": "logistic_l2_calibrated_v3_1_v3.0.0.joblib",
    "file_size_mb": 0.83,
    "creation_date": "2025-10-06T21:59:20.238518+00:00"
  },
  "performance": {
    "roc_auc": 0.8480192521288412,
    "pr_auc": 0.18161096140428346,
    "balanced_acc": 0.7995557201036654
  },
  "training": {
    "train_size": 3321,
    "val_size": 767,
    "test_size": 1022,
    "prevalence_train": 0.04878048780487805,
    "prevalence_test": 0.04892367906066536
  }
}